Actual Sales,Original Prediction,Modified Prediction
2049.1,368.77123352201306,405.64835687415325
128.368,215.97391612589126,237.571307738428
143.472,444.01959350149264,488.4215528515924
102.768,216.91845730366185,238.6103030339873
97.419,251.91540755546885,277.106948310975
479.72,226.67269572164514,249.339965293766
9.552,164.13149749001605,180.5446472389449
276.55,379.10862590320176,417.01948849347536
84.94,254.55110841811984,280.0062192599289
94.656,179.46020366234006,197.4062240285566
87.84,361.8874170537456,398.07615875909687
910.982,286.8956754987594,315.5852430485829
936.7,221.13877315740683,243.25265047309222
396.104,255.07113373774337,280.5782471114653
373.44,256.33369843143737,281.96706827453454
109.3,413.5508626269584,454.9059488895873
69.52,136.76446583971847,150.4409124236263
364.3992,210.65665681188693,231.72232249303488
287.98,250.29034697104362,275.31938166811597
118.762,167.28956731929793,184.01852405117825
43.6,208.3229273908073,229.1552201298182
15.24,242.24947160767624,266.4744187683973
124.95,337.48121292178985,371.22933421391645
267.96,218.33206809716648,240.1652749068162
72.224,213.97548712216667,235.3730358343455
133.57,258.3907221296686,284.2297943425947
64.384,129.36982468524366,142.30680715371273
431.872,318.59986624721205,350.4598528718925
350.666,209.0760987024114,229.98370857260306
298.776,169.63241668132832,186.59565834942623
456.704,346.726210997178,381.3988320968929
88.552,255.16041400789982,280.676455408684
579.3,252.626622197713,277.88928441744065
521.96,347.7581687628699,382.5339856391365
105.552,293.0808580102166,322.38894381118007
208.16,117.90811589374789,129.69892748308484
1104.55,631.2683706150274,694.3952076764836
850.99,182.98930334689794,201.2882336815237
191.82,193.87415388817317,213.26156927694683
138.128,217.1648275872576,238.88131034592516
362.94,258.0153310371097,283.8168641407683
12.588,156.32768886716804,171.96045775382663
564.195,25.947830604825867,28.54261366528226
90.882,78.2781974618847,86.10601720804698
349.95,295.0575574579707,324.5633132037474
159.984,135.87971731170546,149.46768904282362
39.98,130.49628159005078,143.54590974899475
944.93,421.56088923147763,463.71697815458174
108.798,214.93006518637412,236.42307170497952
249.92,340.7516117187042,374.82677289051935
106.16,218.00754342938308,239.80829777228064
301.576,225.46874371921876,248.0156180910708
155.0,336.17954852530966,369.7975033778057
132.45,254.52391248667846,279.9763037353114
137.94,181.85904919172754,200.04495411083917
159.384,185.74363337099203,204.31799670803593
144.96,228.47076995670795,251.31784695235547
39.76,356.67196632164996,392.33916295378003
284.08,436.1147729168006,479.7262502084486
11.992,92.91903174447361,102.21093491886859
3.984,92.87892446827027,102.16681691503618
29.34,172.61301405358245,189.87431545887375
171.04,223.42594959531561,245.7685445547977
1263.3,421.0390156089561,463.14291716981097
401.94,294.6534699810436,324.11881697911303
35.44,99.35955039749388,109.29550543724326
18.48,131.3357492996438,144.46932422954706
155.76,183.6108350349241,201.9719185383583
182.72,388.7374752886244,427.6112228174461
10.584,167.01347508115578,183.71482258924516
4.338,164.49054275863455,180.93959703444852
323.2,334.656056389882,368.12166202883236
10.95,167.8271632899996,184.60987961897627
377.376,228.0036266669631,250.80398933359538
302.744,216.57392753151362,238.23132028462715
15.808,353.0291363084398,388.33204993922845
552.272,393.5452999120753,432.89982990323915
301.5,259.55521630850853,285.5107379393012
2.946,127.53116073925048,140.28427681315225
45.68,138.31716966436943,152.14888663077727
109.592,96.49162801032071,106.1407908113033
517.9,191.01111388535355,210.1122252738569
122.96,220.52109030340216,242.57319933368126
32.54,136.7706916712923,150.44776083834586
887.271,136.7534031032701,150.4287434135622
112.0,295.67577313416405,325.2433504475048
517.24,294.6649789000803,324.13147679006215
109.952,179.13325331060332,197.04657864160254
1130.42,530.1726754538831,583.1899429992482
114.112,445.43269898110884,489.9759688791819
144.541,524.8678297015431,577.3546126716246
65.88,284.99505997050437,313.4945659675286
102.048,179.76563403717591,197.74219744084985
8.712,120.1640014340519,132.18040157741052
431.94,96.50991370697739,106.16090507761692
110.32,216.78797183569986,238.4667690192291
845.488,344.72462390366127,379.1970862939779
291.48,453.9209749576694,499.3130724533694
12.76,131.49443949421402,144.64388344358304
100.24,440.1129403844825,484.1242344228667
301.96,143.79364032432204,158.17300435667858
2579.985,-1229.4196728547395,-1352.3616401402396
25.06,134.75253875125782,148.22779262636323
790.98,-195.03117806999944,-214.5342958770634
6.672,166.20225803580252,182.82248383935075
141.82,366.8576080109342,403.54336881198105
102.1,219.6519083395542,241.61709917345433
114.368,253.17495090319426,278.49244599347
96.552,255.5811310929421,281.1392442022043
39.98,133.38325019460171,146.72157521400368
96.76,218.29360755058588,240.1229683056008
48.58,96.28715259974706,105.91586785967229
248.44,281.8513220611494,310.0364542672178
1382.52,476.486725871393,524.1353984584857
132.956,288.7763981074677,317.6540379181679
156.98,220.75871368378284,242.8345850521
129.16,220.65377466878272,242.71915213559987
110.776,265.35691348381806,291.8926048321591
12.544,309.7910395099607,340.7701434609189
147.96,224.30397681615432,246.7343744977552
11.21,94.04698880112846,103.45168768116855
130.4,334.26802820386365,367.6948310242151
145.02,231.6265397859388,254.78919376450358
77.52,146.1983550914738,160.8181906005775
73.2,249.63709569891216,274.60080526876845
62.94,179.60244784664246,197.56269263123977
165.6,170.6195855961123,187.68154415566823
149.95,258.91998662106926,284.8119852831296
1433.93,676.685396372166,744.3539360093419
113.44,371.82462920749094,409.00709212818765
315.0,302.0881792412547,332.2969971653365
298.93,465.4456315394782,511.99019469338236
102.336,197.4295517814171,217.1725069595559
170.786,91.5121086021827,100.66331946235732
125.52,311.05181121849455,342.1569923402858
5.04,128.87627516855719,141.76390268537216
205.44,388.54001282239915,427.3940141045605
11.07,168.1524200582062,184.96766206398024
98.248,216.41761693058652,238.05937862358405
184.75,287.98764576838585,316.78641034517204
1444.98,503.9246962883917,554.317165917193
728.946,315.23773892238387,346.7615128145553
132.17,305.84109293326037,336.4252022265282
159.93,259.1699352171272,285.086928738805
78.552,253.71063435677206,279.081697792426
308.792,195.2541200145497,214.77953201596392
389.17,252.94350894386298,278.2378598382056
145.9,367.8221129368758,404.6043242304877
221.96,335.45614754926646,369.0017623041349
41.85,244.56801978402655,269.024821762403
417.784,176.8903418064874,194.57937598711578
403.9,335.6038025114394,369.16418276249897
89.928,216.56444898605696,238.22089388460154
185.376,113.00369957648218,124.30406953406055
167.07,413.0685173724487,454.3753691096499
347.802,302.2488458660664,332.47373045262066
119.76,290.97467039275216,320.07213743199827
136.064,179.36977846399532,197.30675631036866
109.8,408.77438808447914,449.65182689289213
52.56,174.52458031265996,191.97703834387357
60.72,177.7245339549554,195.49698735040147
39.72,241.52149198786356,265.6736411865859
924.92,483.1976714012271,531.5174385412829
257.499,177.4191936228599,195.16111298510805
80.98,93.35934507666389,102.69527958426625
140.744,179.33186825262965,197.26505507784896
291.54,253.43523888330674,278.7787627716025
563.4,233.46662703034235,256.81328973331256
108.552,255.80227190555888,281.3824990960711
935.97,441.7342900695803,485.9077190764947
165.86,413.4194599336188,454.76140592692536
124.21,232.23687031379086,255.4605573451263
87.313,178.41214051109273,196.25335456215544
130.04,444.7048101675464,489.17529118424864
3.528,92.47936001190101,101.72729601303581
299.92,315.02600414678454,346.5286045614339
137.13,269.83539277815726,296.81893205593224
137.768,229.81927308026934,252.80120038823225
155.56,409.69659667505766,450.6662563425198
196.352,238.03392661208636,261.8373192732397
1295.64,412.50231963279657,453.75255159602966
216.752,391.01981667542714,430.12179834293784
136.464,374.81703908665804,412.2987429952773
117.968,216.93626900829258,238.6298959090782
141.92,294.33372461402905,323.7670970753825
374.38,258.93664419130073,284.8303086103988
118.84,305.53807194676483,336.0918791414297
329.314,235.02008908931748,258.5220979982114
142.544,366.6078971087409,403.26868681953056
10.56,131.01722352413344,144.11894587651477
24.9,244.83036732155597,269.31340405368246
143.92,240.14399948957725,264.1583994384855
296.37,203.1813094385434,223.49944038232206
151.62,219.18279675676604,241.10107643238734
116.28,219.02245861082338,240.92470447186497
122.34,257.6154915658699,283.3770407224365
11.232,346.9257786530652,381.6183565183019
874.544,280.5822729693318,308.64050026625046
17.46,133.2276721522503,146.55043936742004
115.56,216.4774582668324,238.12520409346325
214.744,283.4635636341409,311.80991999752587
155.82,332.6644032475306,365.9308435722487
129.75,334.30717430240475,367.73789173259865
192.376,274.3627594540303,301.7990353993664
1652.94,309.5617260732106,340.5178986804967
179.16,464.7612568245677,511.2373825069808
31.96,129.2069800356985,142.1276780392218
109.52,309.8903383856232,340.8793722241244
631.782,193.08723141840892,212.39595456019742
18.69,316.01920713693835,347.6211278505798
104.18,219.13682901198626,241.05051191314124
251.79,219.7315944985021,241.70475394828827
10.56,279.5613055631402,307.51743611940765
468.552,276.17458942410303,303.7920483664784
155.176,77.48920163456933,85.23812179797096
115.736,293.0649343941768,322.3714278335392
46.72,248.49224324672832,273.3414675713575
22.75,245.34704927372513,269.8817542010511
119.04,256.1790366981295,281.7969403679017
249.95,279.86108886188595,307.84719774799305
51.14,691.179240354948,760.2971643904166
2799.96,672.5790987458895,739.8370086204377
11.264,352.7231552930025,387.9954708222649
51.84,362.4376604143181,398.68142645570333
11.16,130.4161586074042,143.45777446811553
371.97,289.8114403686486,318.7925844054553
2212.968,2084.3948444948182,2292.834328944271
276.568,216.14730281863012,237.76203310044366
197.976,265.49443490678095,292.0438783974387
14.352,168.59456432866864,185.4540207615064
177.952,259.8063004525902,285.78693049785215
449.1,-128.28834840346826,-141.11718324388494
29.98,95.21821397266467,104.74003536987584
149.96,227.71701251596096,250.48871376752504
125.54,217.40066520342953,239.14073172371718
133.848,216.72117058219737,238.3932876403851
5.715,237.73736851892318,261.5111053707951
539.764,164.62922372994944,181.092146102892
641.97,358.97425302295596,394.8716783252312
334.568,228.4770426421892,251.3247469063499
13.208,94.51321669810568,103.96453836787259
1810.9,497.95022854898707,547.7452514038305
170.88,189.23307379012113,208.15638116907212
418.85,254.216924661363,279.6386171274644
61.38,284.29839616053505,312.72823577653617
523.92,227.70291890072986,250.47321079074754
82.682,176.89688981228392,194.58657879347447
119.1,181.4733567996882,199.6206924796279
165.76,227.14854706640472,249.86340177300735
178.1,346.4948894861154,381.14437843466294
358.576,265.0073735011101,291.50811085116584
91.99,253.4857852718851,278.8343637990183
71.976,170.11068616248667,187.1217547786946
156.512,227.8029404966801,250.58323454632773
117.02,477.2753419247165,525.002876117127
692.984,238.66949629216106,262.53644592134515
479.984,169.6803831246507,186.6484214370721
723.4,333.4940353597631,366.8434388957103
115.36,217.19353426803718,238.91288769477978
154.86,430.5069382802467,473.55763210821897
150.336,443.7057380922779,488.0763119014737
67.56,169.63681264358456,186.60049390789936
234.98,248.52524648816325,273.377771136933
99.585,170.59345194502384,187.65279713948257
469.94,284.21725746721495,312.6389832138957
900.08,256.30661249911645,281.9372737489757
25.92,244.7349044086004,269.2083948494401
68.04,322.98899782897206,355.2878976118227
149.352,257.4527257506852,283.1979983257188
6.286,308.4760517044924,339.32365687494166
107.296,214.13908537692623,235.552993914549
118.736,293.3966456130729,322.73631017433945
1021.4,328.70676511127385,361.5774416223576
10.368,130.91077284351923,144.00185012782458
120.0,298.5295824035129,328.38254064382636
171.94,259.088072713319,284.9968799845956
351.352,245.4719606534054,270.01915671871393
170.08,370.4689389219857,407.51583281412604
301.47,56.0114834838605,61.612631832191255
1677.188,-308.5714537871536,-339.42859916586895
760.116,330.568488203804,363.625337024132
272.94,179.73760459717596,197.71136505686445
108.672,179.8873310929921,197.87606420228258
123.35,480.45689094925183,528.5025800441508
4439.174,185.82000248428085,204.40200273264782
32.4,247.14891458163038,271.8638060397643
110.92,295.54899456410203,325.10389402045985
59.184,132.0626290126238,145.26889191384544
19.096,316.4621306671761,348.10834373382386
87.988,178.7453171525558,196.6198488677619
92.202,215.55214461349533,237.10735907481285
130.04,221.20951221862924,243.3304634404485
25.92,208.42988094186876,229.27286903600907
18.96,132.27937600092264,145.50731360094505
299.576,332.12806944627664,365.34087639086647
1564.29,722.501407961623,794.7515487577475
160.9,220.06534669277607,242.0718813620333
302.376,175.82175931500387,193.4039352464606
50.96,325.1786160025804,357.69647760281805
33.52,130.12061777329654,143.13267955055926
719.58,254.87127002034686,280.35839702238445
149.616,218.25139477930497,240.0765342572122
141.85,201.78442241906305,221.96286466094898
231.68,238.85533709140145,262.7408708005387
699.98,218.21119791420642,240.03231770556886
35.89,98.90660058273352,108.79726064097486
1270.99,383.6892004564579,422.0581205020717
20.568,166.14484375796746,182.75932813371764
140.28,218.7971049756161,240.67681547312532
127.368,233.13735057011945,256.4510856271081
71.824,216.53972513435292,238.19369764774456
18.45,243.99868381032138,268.3985521913273
68.64,469.3327961008472,516.2660757108824
125.984,212.04405974477413,233.24846571922535
129.424,179.45283198636025,197.3981151849148
120.47,262.6349841024494,288.8984825126536
15.984,131.31514547902043,144.44666002687882
7.712,129.8658705309208,142.85245758396923
9.296,129.969161289162,142.96607741800835
16.56,164.30126854919945,180.73139540408738
116.08,255.74224773506285,281.3164725085662
352.38,165.58281676887418,182.14109844571794
148.448,293.4679794200056,322.81477736198576
130.14,259.5159316335339,285.46752479686984
96.968,401.64513792912476,441.8096517219674
399.98,296.3533159107319,325.9886475017702
1336.44,749.8132701690774,824.7945971859444
400.84,312.26250084495405,343.48875092942035
33.488,316.8592221274739,348.545144340198
431.976,131.60108915201272,144.76119806716451
170.8,352.3755033988855,387.61305373872165
261.28,263.43273977327044,289.77601375055383
186.92,226.48503275337862,249.13353602867573
42.784,321.3874869842257,353.5262356825988
213.552,399.0667608434451,438.973436927743
150.66,390.86168220444233,429.94785042485455
2430.08,528.8251533117436,581.7076686428918
276.784,169.77163229871076,186.7487955285178
33.48,129.30962949973764,142.24059244969976
94.912,179.76618360882276,197.7428019696381
15.8,240.56069563969504,264.6167652035947
882.24,355.56449601394706,391.1209456152865
104.84,244.17385566077428,268.5912412267935
799.48,614.2597944421577,675.6857738863328
51.897,73.49844623080571,80.84829085381352
39.68,134.19400847458746,147.613409321988
3.98,236.80060940154362,260.4806703416107
12.992,92.13546878509806,101.34901566355256
134.568,212.99460042570718,234.29406046820804
72.0,98.21570612961659,108.03727674254333
177.48,175.35420273934142,192.88962301323772
2284.41,498.7352109932981,548.6087320925726
568.728,178.78985725395614,196.66884297929937
44.4,176.37680871679913,194.01448958841502
25.176,150.93953653614153,166.0334901897004
115.584,227.25343983835774,249.97878382218187
20.58,315.9461347251199,347.54074819758534
384.45,508.66981816777843,559.5367999844893
8.34,167.20535857236246,183.92589442955796
179.704,225.0200062688964,247.52200689574238
64.14,180.19788015037193,198.21766816536547
135.68,218.13290281992522,239.9461931018741
145.28,181.0019636717043,199.10216003880487
3.486,127.64076920429943,140.40484612467117
61.12,212.57968742246157,233.83765616468736
34.58,97.31978547258768,107.05176401979406
466.46,224.8871853123419,247.3759038435237
7.04,204.7045909303124,225.1750500233029
18.92,205.780171270977,226.35818839803687
27.72,167.24615369123057,183.97076906030998
47.968,130.39702143106842,143.43672357412288
139.92,328.1651287030254,360.98164157327847
105.564,214.2346389433951,235.65810283768224
37.94,137.69788204779616,151.46767025254667
364.74,216.31132340841577,237.94245574920205
151.192,97.6797021816601,107.44767239977955
129.952,259.9674177056004,285.9641594761051
1015.552,253.01630695167114,278.3179376467888
134.6,444.48696464681416,488.93566111143446
9.216,204.37365820762352,224.8110240283131
71.976,169.17626207551803,186.0938882830087
197.97,189.91147033704328,208.90261737070978
204.8,346.3776801150525,381.01544812653447
194.528,139.6083960174874,153.56923561921576
191.88,285.7768824924424,314.3545707416488
901.94,324.94142466402263,357.4355671303929
109.158,398.8241464496532,438.7065610945865
142.16,368.1627526714583,404.9790279385634
32.4,246.5960625501466,271.25566880512633
183.84,378.8728415982914,416.76012575806817
456.46,220.00999349949416,242.0109928493912
140.9,339.76015791404643,373.7361737054307
339.92,243.3663949590118,267.70303445486934
126.608,440.99572831977275,485.0953011516831
164.48,188.06405857595382,206.87046443350846
28.85,246.19063701439882,270.80970071579213
148.69,257.63527049453114,283.39879754392314
124.55,332.10240269775386,365.31264296753216
91.84,255.24818322333158,280.7730015456327
115.06,322.546175401425,354.80079294153256
917.4,357.8986107544624,393.6884718298679
483.136,230.38392869668314,253.42232156629325
106.7,486.49981191183906,535.1497931029589
41.568,130.5493923917238,143.60433163086418
438.95,392.29559599637287,431.5251555959694
11.88,132.13927295288886,145.35320024815155
105.336,274.82944581095944,302.3123903920059
113.24,254.42103272367967,279.8631359960127
46.53,171.40360701543977,188.54396771694883
311.97,305.41068035011995,335.9517483850941
22.92,170.58057746317354,187.63863520944142
254.97,208.6804433237703,229.5484876561095
175.96,327.07868104291265,359.78654914718936
3357.6,339.37704205547925,373.31474626099225
113.184,216.84346284187632,238.52780912601156
5.98,92.7515508470824,102.02670593172661
18.528,264.3777019160625,290.81547210761346
98.41,179.56001492010546,197.5160164120898
368.97,202.82487513148226,223.10736264460138
12.192,167.65423444635235,184.41965789094684
36.744,168.00544973171782,184.8059947048896
118.192,180.65203097465564,198.71723407210084
7.16,130.15944337745896,143.175387715135
89.568,144.5572395355557,159.01296348907636
146.75,336.6662425827235,370.33286684096674
90.57,172.04560135153588,189.25016148664872
649.92,372.69331828752183,409.9626501162129
103.2,295.48118695881567,325.0293056546652
1259.86,566.8263344135194,623.5089678548102
122.32,291.6429457256454,320.8072402981343
86.556,213.8920759371249,235.281283530785
119.56,217.68979676094023,239.45877643694985
124.528,217.71974039784982,239.4917144376086
24.1,243.6685753687343,268.0354329055699
101.744,284.60347070515854,313.06381777563365
812.736,379.1581260015955,417.0739386017085
86.058,284.7287004200625,313.2015704619989
39.0,503.39646658301353,553.7361132412625
520.376,277.338669858902,305.0725368447602
209.148,98.59418095412548,108.4535990494769
113.44,447.2299854925659,491.9529840417963
145.84,222.4058710153913,244.64645811688388
99.98,149.37518567414372,164.31270424151444
220.064,258.6143357855908,284.4757693640713
383.952,311.48666737703024,342.6353341146896
44.736,352.63465351902414,387.8981188708567
280.352,257.4926964357437,283.24196607928025
1.872,165.3343127226981,181.86774399492424
158.168,212.8871887200803,234.17590759202722
168.264,367.85260477103293,404.637865248078
20.704,206.28824596534832,226.91707056184532
132.984,291.6202370208339,320.78226072288817
175.952,371.9070426573453,409.0977469230129
8.78,92.88899775943719,102.1778975353227
725.988,163.84285006823484,180.2271350750234
212.94,177.13789235404693,194.85168158941087
618.768,318.3158607671212,350.1474468438246
14.136,125.24736315730843,137.7720994729898
455.6,174.08356009767158,191.49191610739217
118.88,371.4969017339463,408.6465919072798
122.4,329.2145188531431,362.1359707384254
35.568,131.23218383194762,144.3554022150929
48.664,320.86444108223077,352.95088519039564
5.184,92.89568205093383,102.18525025597773
522.984,285.6352909634006,314.1988200596825
12.672,351.5981750191131,386.7579925209866
85.595,323.8194543750433,356.20139981247485
669.64,523.2340991679521,575.5575090846978
137.408,257.700376790046,283.4704144690477
3.52,128.94270953192608,141.8369804850663
186.45,345.7694262038276,380.3463688241318
34.7,245.30561469320673,269.8361761624983
844.116,260.7600526873721,286.83605795603944
47.92,134.73436229448998,148.2077985238866
843.6,362.57607233911403,398.83367957297014
99.824,253.73467204568442,279.10813925022376
1001.584,186.12884071096778,204.74172478201217
479.97,246.8580551694613,271.54386068636086
460.84,581.0454523318622,639.1499975650222
89.72,328.1632976120454,360.97962737319176
39.76,321.84739778525545,354.03213756374316
194.848,208.19862151131383,229.01848366242484
279.944,335.83216963958694,369.4153866035049
5399.91,1574.1641806388507,1731.5805987027125
600.672,319.5407458538539,351.4948204391985
332.94,170.23279497708427,187.25607447477523
15.712,205.4518012815679,225.9969814096694
145.764,125.20995673266589,137.73095240589464
15.528,168.10462106970954,184.91508317663101
191.98,152.42890322839958,167.67179355121334
434.032,177.9159247193893,195.70751719130203
133.594,175.75002297671745,193.32502527433098
92.188,215.91517301663407,237.50669031825964
144.552,255.27098441420821,280.7980828555883
671.544,188.6090726184775,207.46997988026123
194.352,149.63864971956355,164.60251469150535
116.672,254.70247302704956,280.1727203296905
235.846,254.49959932477213,279.94955925719114
111.888,248.06466795795131,272.87113475371734
95.2,252.55817299286718,277.81399029211025
85.68,330.5223643652571,363.57460080171586
348.568,219.6852869137656,241.6538156050956
8.288,130.0720398304402,143.07924381346675
69.52,136.98560665230616,150.68416731749312
81.572,288.32935485156486,317.1622903366806
697.16,270.42768526863074,297.47045379542396
107.968,217.24861336275353,238.97347469895612
132.236,277.61403813379,305.375441947137
584.82,419.34905477869324,461.2839602565218
22.72,205.7501816964068,226.325199865998
4.044,164.80590891715838,181.28649980883347
145.784,173.51558107021265,190.86713917719317
117.71,254.8277396260819,280.31051358862896
106.792,176.45698778072256,194.1026865587628
85.607,250.871237801417,275.95836158155
676.55,243.4577346338774,267.8035080972186
89.48,219.57709671196062,241.5348063831043
6.888,126.27322016883409,138.90054218567093
4.08,129.6850198287575,142.6535218115896
11.52,204.20526161196176,224.62578777314047
119.168,293.1462477845198,322.4608725629223
2443.2,459.8456622219528,505.8302284441015
158.184,202.33797904697713,222.5717769516341
1297.368,432.5418383338547,475.7960221671674
126.76,216.61169901376707,238.27286891508265
290.784,99.55010984349065,109.50512082778732
485.9,330.01117721322225,363.01229493448045
492.835,233.139190409187,256.4531094500853
135.016,255.2763407906168,280.80397486963193
654.976,249.79492520762142,274.7744177283603
280.782,138.5799454090302,152.43793994985754
110.376,171.6766674584942,188.84433420430287
102.82,217.29929741143133,239.02922715252498
3.0,92.3245613820036,101.55701752015739
1912.946,301.7173151918978,331.8890467110614
141.51,180.36756795091787,198.4043247459631
136.784,94.5240222424327,103.97642446661484
704.408,605.3890365627594,665.9279402190004
11.67,168.66667571553262,185.53334328703932
70.08,251.59027937270002,276.74930730991764
137.936,292.3974363357993,321.6371799693443
116.12,295.7029225171427,325.27321476879297
149.512,253.80953006903292,279.19048307588673
100.9,340.18114970854367,374.199264679366
432.98,266.06654547914513,292.67320002699853
113.392,253.90334380892455,279.29367818977335
13.216,204.55455484738923,225.01001033207285
180.588,163.21040588669712,179.5314464753319
1591.02,407.89100816924474,448.68010898609646
184.99,203.53665688395267,223.89032257231884
135.68,365.7646762581717,402.34114388393937
108.89,179.31543162243906,197.24697478464805
136.68,449.86092365556397,494.84701602105633
186.75,338.1888194781204,372.00770142587135
87.71,332.718566185853,365.99042280440335
427.544,290.2905066269159,319.3195572895638
17.64,170.39116391376592,187.43028030506684
2077.86,568.2740088750434,625.1014097624866
91.96,230.33394863354624,253.3673434968514
70.88,144.8336431933567,159.31700751261087
10.272,167.35054298190516,184.08559728003456
186.54,184.6704252291238,203.13746775194886
20.32,206.56011584799853,227.21612743276637
5.46,167.0230886906793,183.72539755972684
91.96,214.96485218557063,236.46133740409277
146.73,197.67668182216585,217.4443500043417
149.92,294.0908367324737,323.4999204056803
1406.938,538.1285715629638,591.941428719234
146.65,257.20645039659576,282.92709543622914
92.44,328.0376184906636,360.84138033969793
142.984,227.20335236791288,249.92368760466343
98.16,216.7612793855369,238.4374073240615
116.991,182.56052872844157,200.8165816012479
657.552,299.01829145514057,328.92012060061097
93.808,252.7634352107707,278.03977873182157
104.79,326.9464629692666,359.64110926617286
3409.952,844.845480655058,929.3300287205202
93.76,217.99197655977332,239.79117421573028
131.072,254.6765131354623,280.14416444895323
2029.62,230.73593292734586,253.80952622005134
191.6,245.2832536813803,269.8115790494776
122.96,217.848304426705,239.63313486936386
102.8,328.4180910974683,361.25990020716563
192.8,228.11162389084348,250.92278627987253
337.116,361.9397588920838,398.13373478123685
267.024,190.29554060622468,209.32509466679767
111.66,380.56684596807463,418.6235305648297
431.928,417.76617762900423,459.54279539186973
17.34,170.1027192826441,187.11299121085904
105.672,179.57429950678488,197.53172945740516
408.744,349.2653697600763,384.1919067360577
170.97,262.1142718564952,288.3256990420923
159.984,149.06096490193158,163.9670613920607
22.32,207.74928809364792,228.52421690293704
354.84,447.33739719816367,492.071136917948
31.86,134.68651660482283,148.1551682652498
348.84,466.58452135146945,513.2429734865727
195.42,272.27646122244187,299.50410734466277
127.37,255.6180802793242,281.17988830723334
84.272,94.08157453680178,103.48973199041211
408.976,289.9158313391381,318.90741447301116
132.56,216.68660373828607,238.3552641120623
132.994,186.29393942296156,204.92333336520824
650.4648,346.50215700955596,381.1523727104359
466.768,152.84934590940247,168.13428050026414
8.72,205.14440047577955,225.65884052330512
113.176,259.4468429670669,285.3915272637096
19.92,205.5220815774228,226.0742897351156
102.8,525.5796771953173,578.1376449148229
100.96,218.66377931606257,240.53015724758734
659.9,228.29033375784638,251.1193671335932
65.79,401.40571894621826,441.54629084077897
422.058,157.82032197286026,173.60235417011427
140.81,110.11648575169966,121.1281343268347
93.968,217.0012376436789,238.7013614079915
172.5,152.1690283814678,167.38593121955637
12.39,168.2691717328562,185.0960889061098
59.48,132.89197810424957,146.18117591462214
607.132,275.78299032046925,303.3612893524987
21.78,131.73146751808235,144.90461426984984
396.08,219.76179334660992,241.737972681236
135.82,480.3019538956287,528.3321492851537
822.024,348.5847305204079,383.4432035724167
112.472,293.7936004822259,323.17296053044265
89.97,184.66905076551484,203.13595584200812
12.96,132.20808813162148,145.42889694473706
173.94,172.1413388212095,189.3554727032897
134.8,331.1901378966577,364.30915168629144
114.664,254.86702338475152,280.35372572319466
1127.976,224.64408510300564,247.1084936132247
173.24,211.1075650404091,232.21832154440926
25.92,208.09816972297267,228.90798669523792
312.03,185.88161925316672,204.469781178399
42.976,205.2540098570753,225.7794108427479
17.3,95.42465798169724,104.96712377981748
96.24,472.29527218139265,519.5247993994562
12.201,309.15421764706844,340.0696394117258
99.192,255.52138178466703,281.0735199630726
328.96,231.7329451397818,254.9062396537047
37.464,319.52958155662054,351.48253971224767
162.35,334.9955498218478,368.49510480402387
159.56,255.2207947721181,280.74287424926297
3013.95,986.6604234603001,1085.3264658062835
1.272,128.4804179155617,141.32845970705966
131.56,221.32177620846778,243.45395382927381
299.528,194.11500910980976,213.52651002071798
127.88,209.51097069843672,230.46206776826875
1600.94,599.5588606797392,659.514746747649
307.11,207.54343160937424,228.297774770268
122.56,317.3431787758309,349.0774966533645
112.84,331.781220481178,364.95934252924053
194.352,174.4475250717369,191.89227757885237
133.048,252.80848817364313,278.0893369909609
504.43,270.17693684989354,297.1946305348247
125.28,446.96012831342523,491.6561411447474
12.957,308.94108934653923,339.8351982811291
85.896,290.6003776798898,319.66041544787004
160.784,215.3381468578009,236.87196154354024
10.272,167.91040025738766,184.70144028312643
116.96,291.410633394873,320.5516967342992
86.88,290.67542021733243,319.74296223899
69.5,249.36696442117682,274.30366086325375
3.282,128.04720139724668,140.8519215369306
136.982,248.49912051614956,273.3490325676976
90.24,256.4827281626349,282.1310009788431
87.39,255.94113738657325,281.53525112519856
9.728,130.19968816111214,143.21965697719133
58.34,141.84942927127122,156.03437219836633
149.38,220.12601154658478,242.13861270117923
57.582,146.00026038454962,160.60028642296675
253.92,448.3585379057622,493.1943916962773
649.73,550.7036713478446,605.7740384825738
318.32,330.1315915279847,363.14475068074535
102.592,96.43041495929356,106.07345645519672
839.988,161.2983095542877,177.4281405096699
123.91,181.38504632381955,199.52355095613166
154.94,518.6222021861176,570.4844224046683
133.008,369.07410116351093,405.9815112798242
128.4,194.35517046399764,213.79068751033628
120.97,270.0797474566789,297.0877222022682
111.6,222.9234695819905,245.2158165401488
102.36,164.67624559233082,181.14387015148532
97.0,179.88595662941225,197.87455229234183
124.2,292.79773365613073,322.0775070216914
1121.568,129.35990041526384,142.29589045679313
29.52,209.3562012523762,230.2918213775847
109.176,249.23548060713802,274.15902866781107
674.95,401.473867939756,441.6212547337054
14.03,93.37495925827534,102.7124551840825
150.9,334.2961857711489,367.7258043482434
49.12,213.3035931015329,234.63395241161925
143.4,332.03395425647614,365.2373496821092
41.96,133.47028776773368,146.81731654444593
156.96,300.2138815939543,330.2352697533206
20.936,95.3000766291807,104.83008429204347
2261.936,540.4819436226389,594.5301379848679
117.696,293.8549975891656,323.2404973480443
149.448,219.60053797534783,241.56059177280986
121.6,228.23318267567083,251.056500943203
1666.7,537.8133178638527,591.5946496501856
147.12,300.64384753635386,330.70823228993686
27.396,156.79304608725943,172.47235069595627
673.568,244.45423827771447,268.8996621054248
118.99,107.31921085590147,118.05113194146543
18.624,354.0171281298972,389.41884094287525
118.98,402.4620779355755,442.7082857291098
96.84,441.0815742634877,485.1897316898103
104.85,179.5057490465406,197.45632395113353
15.552,169.1470044486632,186.06170489350916
540.048,143.80327252016286,158.1835997721355
230.784,206.45362937345635,227.09899231075542
354.64,330.515663930797,363.56723032382433
1300.45,438.9234059996961,482.8157465996337
47.208,320.31607566654566,352.34768323315075
10.02,168.2311237086251,185.05423607944977
359.98,138.5854692402645,152.44401616425603
108.064,178.70209726598114,196.57230699251522
2087.56,856.2087760205613,941.8296536225826
102.344,367.07352995459223,403.78088294999907
112.776,161.56598642232711,177.72258506453363
103.744,256.2216160540993,281.84377765946556
18.16,242.60018432801007,266.8602027607849
129.736,222.35541696019936,244.5909586561902
115.23,182.98509113513865,201.28360024857102
32.4,247.03834417532198,271.7421785928309
1474.802,303.75581071779015,334.13139178953134
431.976,131.15880752680823,144.27468827943085
348.92,218.69102179596666,240.56012397553422
127.95,175.72918176770327,193.30209994441248
130.896,177.217428902135,194.93917179232812
14.16,131.3783286556136,144.51616152111092
103.52,225.88538762700045,248.47392638967722
11.952,167.6855513251794,184.45410645764787
1117.92,228.10429830514477,250.91472813562723
935.38,324.7278388198174,357.2006227017555
118.0,218.28156627182034,240.1097228989529
177.97,271.2359995880397,298.3595995467913
99.24,217.5472222440003,239.30194446837413
127.91,255.77960776395048,281.35756854031933
56.45,247.19057823941694,271.9096360632975
6.48,93.04677286665537,102.35145015327726
27.93,169.4787173474033,186.4265890820825
87.96,291.0305273727863,320.13358011003584
751.92,271.2549741920084,298.38047161116265
9.584,93.82191048623645,103.20410153479315
43.12,247.4911560245382,272.24027162694256
130.36,176.17280023000785,193.79008025294752
125.762,245.74048915386084,270.3145380692149
285.97,276.2638695415517,303.89025649565156
127.44,451.04812547020265,496.152938017156
20.736,206.71981361604412,227.39179497759324
1829.632,209.11490127901197,230.0263914068346
344.372,160.49010279923095,176.5391130791104
8.32,241.53522639203584,265.68874903119286
314.55,234.67702549899695,258.1447280488501
21.3,243.80570071772672,268.186270789447
25.3,245.69386981849675,270.2632568003319
120.53,189.47285874688532,208.42014462151565
149.98,223.43438324629096,245.77782157086767
124.31,181.088817647018,199.19769941168488
11.96,131.9325089076592,145.12575979836402
111.984,337.89128086168785,371.68040894783917
157.92,248.49430372042116,273.34373409239925
1302.968,251.3526664414385,276.48793308553286
1294.75,394.3776197785628,433.8153817564016
421.36,450.18465062996256,495.20311569288606
139.64,290.8980720846448,319.98787929309765
160.784,388.40935974684544,427.25029572148924
936.229,251.63753862783778,276.80129249056336
353.028,315.1596733634942,346.6756406998029
137.96,231.1941936390358,254.313613002887
6.48,93.37848408555146,102.7163324940484
44.75,243.25788487368845,267.58367336101946
292.696,282.3897532202245,310.62872854218585
197.66,439.5230857026181,483.47539427282754
180.96,313.1780624650419,344.4958687114995
3999.95,771.2373394207389,848.3610733627575
105.68,329.17628891096683,362.0939178020053
131.36,374.91813339089276,412.40994672992383
379.372,74.54886131899548,82.00374745085719
938.82,579.1366496157716,637.0503145773255
135.96,267.52385091481847,294.2762360062334
127.576,369.0566563490429,405.96232198388316
110.288,217.63343507787795,239.3967785856221
701.372,105.86972388974391,116.45669627864845
386.184,218.26485584845068,240.09134143326082
93.776,179.64613648958039,197.61075013849768
12.99,92.974660258129,102.27212628387497
72.64,138.45278487488395,152.29806336233742
334.88,215.92825918991002,237.5210851088632
243.88,252.47965187125374,277.7276170583209
237.52,278.0483820629888,305.8532202692004
127.5,257.5367883736035,283.2904672109289
10.368,130.5278284624219,143.58061130860006
389.56,485.3607578476076,533.8968336323742
131.16,296.05322332601645,325.65854565854534
26.86,131.54979390924564,144.70477330012363
100.96,218.61144670515205,240.47259137561196
106.59,272.7320664093422,300.00527305022115
124.608,192.36803022408276,211.60483324644156
450.296,255.28334618738154,280.811680806044
100.32,217.1966938849946,238.91636327345623
15.552,168.6831582833256,185.55147411162034
443.4,394.68694034797954,434.15563438271056
102.76,218.23276047344552,240.05603652072023
295.4,210.95640108850785,232.05204119728296
47.9,102.03897523891646,112.24287276278483
4.98,92.89266055225744,102.18192660744535
15.552,168.81529322976712,185.696822552738
152.83,256.93338903729455,282.62672794098035
14.16,92.44062597758602,101.68468857527478
23.56,243.48566358201788,267.8342299401993
83.648,214.31393840850797,235.74533224929473
185.58,311.71783462687745,342.889618089539
212.958,443.56387922744034,487.92026715012616
12.96,131.9869473190338,145.18564205087023
142.568,207.03436670615338,227.73780337674543
122.312,178.93450147198746,196.82795161913964
442.372,-20.56718932269723,-22.62390825501643
146.712,220.02642951879534,242.02907247064286
95.92,253.79249808230088,279.1717478904757
99.846,350.0071655199572,385.0078820719209
160.32,150.02313403386506,165.02544743719045
287.91,181.81262191798305,199.99388410974643
703.71,-153.041266606102,-168.34539326673257
271.96,251.81668712984538,276.99835584280663
123.78,367.64465092896717,404.40911602179403
156.56,223.0286376742588,245.33150144165847
14.9,243.6346933132154,267.9981626444787
100.704,268.9463959177956,295.84103550954023
3.15,92.64665807510028,101.9113238825521
207.28,396.78280900025857,436.46108990025823
34.248,170.73070618489874,187.80377680333913
207.96,354.1389086183626,389.5527994801523
132.38,185.07169280186645,203.57886208198033
342.96,343.65118869100115,378.0163075600576
150.5,260.3292091526091,286.362130067806
166.816,261.156634361716,287.272297797841
1.192,127.65812214356265,140.42393435785198
1.8,238.04641742879176,261.8510591716331
738.064,260.6738503026136,286.74123533282545
199.372,199.33458078929107,219.26803886817652
928.388,199.1764856458176,219.09413421034697
84.784,120.25112966072629,132.27624262674362
84.842,251.22698640378076,276.3496850441152
26.176,127.75124773537391,140.52637250884436
242.46,261.35852875810815,287.4943816338491
7.872,166.04059105846682,182.64465016426402
1599.92,694.8717320705764,764.3589052775642
103.68,440.99380504808505,485.09318555286154
835.17,321.6025391672738,353.76279308396624
131.88,172.23144398335717,189.45458838163177
629.184,454.79113668121863,500.27025034930557
373.08,322.77983560372377,355.05781916403794
23.48,243.12762680312153,267.4403894834104
14.4,242.92731736128917,267.22004909734824
9.568,130.17601720965467,143.1936189305561
213.136,294.9583698286733,324.454206811497
316.0,216.86982602835633,238.55680863113957
238.56,177.56382922432385,195.32021214670385
24.032,128.31083182853763,141.1419150113361
272.32,412.30413920688443,453.53455312750884
11.264,351.3877469592844,386.52652165517793
3040.0,1018.4586938888533,1120.304563277692
166.73,500.0016449877003,550.0018094864208
207.76,241.51268407312455,265.66395248036133
26.352,342.25132242418476,376.47645466655376
21.48,281.1472048223659,309.26192530454136
363.018,316.2240930889093,347.8465023977624
7.896,167.34230123987072,184.07653136379668
110.096,143.70811411138857,158.07892552245175
75.96,139.019372990384,152.92131028938456
95.248,217.35048494144576,239.08553343554377
37.44,207.86919923254754,228.65611915575573
940.224,294.40320904905093,323.84352995391237
1927.59,657.7053102274949,723.4758412502124
124.03,181.0469249119924,199.15161740317126
579.136,212.89803005833528,234.18783306411933
111.888,324.42160737505765,356.8637681125547
8.32,240.76123354796437,264.83735690268804
92.936,294.9433964830823,324.43773613133817
47.616,167.62648848514073,184.38913733360823
372.76,217.44365769258002,239.18802346178563
101.45,333.42512861124123,366.76764147231006
38.136,319.5132371071086,351.4645608177816
125.912,253.45666561063263,278.8023321716173
195.225,271.4179376142565,298.5597313756589
179.568,223.0182446523104,245.32006911747158
749.96,296.1491437826189,325.7640581608284
116.344,254.3719970844686,279.8091967928631
167.96,165.72419904559501,182.29661895008758
89.9,329.60140195823624,362.56154215402785
668.896,194.25622713859775,213.68184985243715
105.8,449.8987410754198,494.88861518289195
216.976,261.5684241527633,287.72526656798436
842.94,238.8776079035306,262.76536869382835
579.058,171.22568395579583,188.34825235133758
339.9,250.80625073242118,275.88687580561964
291.24,252.4989188759646,277.74881076349993
15.992,90.36038887154427,99.39642775864922
154.136,289.4683921620017,318.41523137813783
101.168,213.66118156418088,235.02729972053203
153.66,372.3693780733738,409.6063158806646
142.182,74.37380900484277,81.81118990530376
132.72,184.89862583990907,203.38848842386506
720.96,435.47615160705755,479.0237667677284
137.36,221.6674072618771,243.83414798803278
137.68,292.03793321803096,321.2417265398253
1063.63,191.52349699480692,210.67584669424105
429.98,270.5167472160829,297.5684219376417
6.38,93.18751537631033,102.50626691387151
470.91,547.5395666796248,602.2935233475582
109.16,368.2733230777667,405.1006553854968
383.8,257.8218347776565,283.60401825539884
22.72,206.5565449304122,227.21219942340394
241.92,176.99940960068488,194.69935056069517
259.896,103.13576937254402,113.44934630976059
17.94,169.9087744014978,186.89965184158063
31.56,171.0915358433558,188.20068942767102
359.97,211.69648004934425,232.86612805424375
33.92,356.3115027897584,391.94265306869056
479.95,299.6912196369667,329.66034160062554
80.58,286.65842607669765,315.32426868431503
5.8,93.81279883088428,103.1940787139174
44.784,130.96805022476474,144.064855247183
441.93,401.5489897696243,441.70388874656055
4.752,199.1471731593483,219.06189047524822
128.55,337.7982743437169,371.5781017780246
144.36,214.8412880920805,236.32541690126527
284.0,233.2504855422594,256.57553409645334
282.84,212.24065000703558,233.46471500769258
40.968,171.87967836277676,189.06764619902242
117.67,254.86565029557096,280.3522153250815
423.36,328.2086252843437,361.029487812717
4749.95,1522.4408971060184,1674.6849868165446
86.2,251.36318682716228,276.4995055098261
119.448,216.80317242600722,238.48348966854974
434.646,195.06790309771895,214.57469340748503
455.91,256.8862765170343,282.57490416869405
123.372,369.41205618943786,406.35326180837
133.92,299.40239044997725,329.3426294949313
118.704,224.0603998702718,246.46643985723495
131.86,251.14704594993964,276.26175054488704
692.995,-28.117626384133473,-30.929389022581745
26.55,393.8267589501629,433.20943484513555
242.94,168.21601499355165,185.03761649286025
133.288,406.22564352152403,446.8482078736124
135.98,220.24683807825204,242.27152188605396
119.608,217.13323477725498,238.84655825496884
470.155,307.2517633487587,337.97693968360545
1272.63,-95.69759000794147,-105.26734900876181
231.968,303.36818691689405,333.70500560852815
95.97,178.88944835643633,196.77839319204213
4158.912,517.8633294138126,569.6496623551357
628.816,243.04918896142044,267.3541078575072
171.82,372.44478658461594,409.6892652430397
26.976,206.52641937552835,227.17906131304335
154.44,167.25137194935814,183.97650914420956
28.485,230.68557613581652,253.7541337493749
468.152,252.6682497561269,277.9350747317076
115.84,375.1822115275718,412.7004326803144
928.15,367.45971997705055,404.2056919746974
73.44,178.97254857994267,196.86980343790492
145.12,345.84497252793517,380.4294697807054
90.848,217.23767031097668,238.96143734201905
179.7,317.41723155824,349.15895471401745
144.152,216.25306657285546,237.878373230109
733.408,325.36266320585855,357.8989295263891
12.96,131.7658065064461,144.9423871570034
83.976,160.1858447038976,176.20442917422042
366.58,261.39920220704516,287.5391224276973
60.81,173.8976933172089,191.2874626488774
139.92,170.7192482907558,187.79117311979644
105.84,264.0273476431903,290.43008240745985
108.08,402.247026057943,442.4717286636878
59.52,173.4084354575025,190.749279003212
146.848,217.20864359394182,238.92950795328943
63.968,128.69647797747166,141.56612577522174
22.752,272.5324532527593,299.7856985779945
109.72,179.29144048201852,197.22058453020873
21.4,242.9804272466863,267.2784699713229
376.74,235.314963564364,258.8464599207218
242.3328,199.8887601250317,219.87763613747666
42.6,173.3769819875015,190.7146801862109
1101.48,399.19390151745756,439.1132916691422
234.168,297.65670215833234,327.42237237410154
597.0,294.45929830899695,323.9052281398326
124.85,265.740299418394,292.3143293601752
78.304,142.80418155313237,157.08459970841068
106.04,217.06551904726075,238.77207095193444
43.96,321.74483958558994,353.9193235441053
223.96,245.26600998200593,269.79261098016286
12.96,131.9869473190338,145.18564205087023
189.882,122.96504744628328,135.26155219084467
99.44,257.0511017369281,282.75621191057144
112.04,328.275242176489,361.1027663940913
15.576,167.50685251381947,184.2575377651665
22.48,97.24176829040516,106.96594511941657
308.132,214.28889421513304,235.71778363658814
324.032,255.01619184506126,280.5178110295383
4912.59,256.40269689817796,282.04296658796375
149.0,408.3235993879207,449.15595932665747
104.7,257.1137345783063,282.82510803607875
134.44,256.66540965033346,282.3319506153057
151.744,387.2584658244159,425.9843124068284
169.92,305.61379927257076,336.1751791998104
126.988,208.72762990082265,229.60039289086126
157.88,371.9919281869661,409.1911210055987
9.08,130.45667901681736,143.50234691845253
56.686,85.05945771140978,93.56540348252747
163.68,215.89127420957084,237.48040163051337
577.916,693.0323325513164,762.3355658063956
118.96,217.93552422319772,239.72907664548256
134.24,256.73326319322223,282.4065895125095
383.438,126.12692571306252,138.73961828430765
854.352,170.88097149779787,187.96906864753691
45.98,96.30720639057108,105.93792702959036
169.704,225.2411470814841,247.7652617895801
38.88,285.6468074088334,314.2114881496527
175.056,266.2537309472973,292.8791040419892
77.88,130.81105361372465,143.892158975068
190.92,171.62029563606484,188.78232519963058
121.856,263.10253838743665,289.4127922261541
126.904,218.09224643019843,239.90147107318626
25.92,244.33039548736997,268.7634350360604
382.352,265.2215105967771,291.74366165639367
110.99,178.9412317011156,196.8353548712039
121.752,256.14469770979485,281.75916748071904
281.352,270.82228208408924,297.9045102924574
37.68,133.85868040047353,147.24454844047432
271.604,650.9373201108538,716.0310521219217
1551.52,448.0653996928304,492.87193966208724
154.144,494.11118686100235,543.522305547056
383.2,196.97219863074133,216.66941849378054
308.9,554.41592895551,609.8575218510232
12.96,131.8763769127254,145.0640146039368
89.95,259.68596786935814,285.654564656259
149.673,248.9946976097999,273.8941673707159
325.94,284.90114682901185,313.39126151186065
426.672,394.43305181054166,433.8763569915318
145.21,180.17096876667347,198.1880656432768
88.04,213.7667067082948,235.14337737910682
478.96,214.8401445382915,236.32415899209445
20.97,170.23045933581307,187.25350526935654
273.92,395.7172933341935,435.2890226675954
371.97,197.30994392497814,217.04093831742648
397.32,293.6957579756563,323.0653337731783
229.976,251.3216241193586,276.45378653125954
203.92,228.49479673834867,251.34427641215734
115.4,327.0369885067339,359.7406873573782
368.2,272.2440455057658,299.46845005630166
100.88,442.719667099067,486.9916338089097
247.584,221.58403248159448,243.74243572971318
14.28,94.74076861987123,104.21484548182343
485.712,231.4641414717189,254.61055561885587
59.97,172.41343885014066,189.65478273510234
35.984,131.08759447353077,144.19635392085183
9.84,167.40850637323456,184.1493570105231
170.58,417.94163585541537,459.73579944091034
154.36,296.6360202161013,326.29962223768234
99.136,216.9176708017476,238.6094378818816
5455.96,1437.182231845305,1580.9004550297977
108.15,179.21291966582066,197.1342116323649
89.408,401.0653631485184,441.171899463312
128.552,254.93927319531213,280.43320051481714
1538.74,687.1088358122215,755.8197193933884
9.648,278.5929553155729,306.4522508470982
228.544,262.6239671509247,288.8863638659823
134.85,183.72116591481608,202.09328250624822
198.188,215.0306097662542,236.5336707428214
224.848,295.5388759461348,325.09276354071335
162.98,226.6888212375634,249.357703361311
1641.582,-202.967699325789,-223.26446925842902
11.232,167.90188456946635,184.69207302638097
3436.5,1090.8231557712134,1199.905471348262
55.92,243.12991482694633,267.4429063096177
1439.976,290.86020948641817,319.94623043501633
39.96,246.19567243827623,270.8152396820951
2799.96,672.3579579333018,739.5937537265709
167.48,220.3937163767696,242.43308801439707
63.312,176.07572653406532,193.6832991874253
14.62,132.28482394714956,145.5133063418034
276.784,170.10334351760685,187.11367786928895
215.976,164.53422171602142,180.9876438875799
93.02,131.28460618012468,144.4130667980935
221.64,291.7546615182655,320.930127670028
139.92,330.52717315527843,363.57989047074807
90.96,219.3865389979328,241.32519289766788
16.56,132.3705795427668,145.60763749698526
129.86,408.9245267972001,449.816979476891
146.52,214.54299955247552,235.99729950766778
203.86,424.2774883703387,466.7052372073231
137.93,275.03880253690295,302.5426827905467
15.552,168.59415241717943,185.45356765887118
22.14,169.04165413303417,185.94581954629393
14.82,168.3989721070393,185.23886931769084
122.97,194.13210500532296,213.54531550579122
137.748,649.8729569205898,714.8602526126197
125.48,178.63122222441598,196.4943444468081
146.96,447.80467768994276,492.5851454589283
117.16,217.28661514390842,239.01527665829053
128.93,275.25994334949064,302.7859376844135
265.96,190.6758577300643,209.74344350301544
383.5,335.6015147930011,369.1616662722663
321.568,141.35792901995592,155.49372192189912
2441.96,711.5132569456473,782.6645826401946
179.991,50.17693041282473,55.19462345406646
161.328,475.5899998249952,523.148999807454
123.76,218.82416370505234,240.70658007549355
243.064,314.7099343081063,346.18092773889657
140.39,271.10441421321593,298.21485563449096
133.568,289.22944086647476,318.1523849530495
69.3,398.2413403320825,438.0654743652558
499.95,319.81231519856374,351.79354671834153
8.26,130.58451018168125,143.6429611998028
6.984,127.06030780274887,139.76633858299465
149.4,330.58669292816194,363.6453622209083
10.024,195.27143484796397,214.79857833270216
1237.96,224.95293244390632,247.44822568824748
151.864,293.70088710734854,323.070975818031
1.908,164.28519758748007,180.71371734616696
144.92,295.43842415779363,324.98226657352643
143.68,223.81252189158113,246.19377408071887
2399.2,346.59904878321686,381.25895366148325
549.34,259.96469826769317,285.96116809442174
10.496,203.27413373315358,223.601547106402
859.2,200.19137270806823,220.21050997881684
1248.2,167.6833619606332,184.45169815665577
133.26,258.0645052527543,283.8709557779948
191.75,332.04631572417566,365.2509472965612
16.56,131.46074180005235,144.60681597999064
332.71,255.50764707505004,281.0584117825201
454.965,177.20513856847538,194.92565242524142
30.816,391.62702399111004,430.7897263901832
194.064,394.74329005909385,434.2176190649625
6.384,92.49859028519131,101.74844931365806
244.84,385.78464400797384,424.36310840872466
104.92,297.20251706722775,326.9227687739185
46.35,250.00245913252002,275.0027050457138
216.372,199.13482076636865,219.0483028429444
29.05,244.372746224195,268.81002084660577
1049.2,365.03658892126987,401.54024781336193
4330.552,1029.0905084625992,1131.9995593087806
33.96,133.05007355313865,146.35508090842632
275.24,258.51330737539683,284.36463811289286
211.3,290.94969918287825,320.04466910110204
145.016,370.4203144306957,407.4623458737042
536.45,341.3884978001006,375.5273475800641
125.104,369.0519868989941,405.9571855888644
410.95,392.84844802785665,432.1332928306074
524.89,774.8862242900359,852.3748467189725
28.0,206.2589436225826,226.88483798480593
706.86,404.4621932763257,444.90841260392335
117.672,363.78704313671915,400.1657474503445
104.768,217.3275918753352,239.06035106279887
191.472,296.1733987252228,325.790738597716
302.72,66.6677733125398,73.3345506437472
94.04,289.0882402022835,317.99706422246527
95.1,254.0722796797927,279.4795076477167
67.71,180.42959834632347,198.47255818088888
80.52,328.2035877224698,361.02394649467897
107.6,217.49131810464314,239.24044991505798
111.992,180.30846024223138,198.3393062664254
254.97,207.90645047969883,228.6970955276047
142.73,407.1329630941618,447.84625940350816
16.688,316.10638160665985,347.71701976726763
284.064,448.3501408334996,493.1851549168059
4.488,273.3565816429036,300.69223980716197
149.6,295.1103297941445,324.6213627734978
122.382,155.00606072257506,170.50666679476853
12.84,168.02797590772389,184.83077349848463
14.624,131.31789287910215,144.44968216694542
1056.86,385.87384084551013,424.46122493004077
19.44,169.71084730210714,186.68193203225383
146.736,292.9543639878684,322.2498003866349
111.73,179.9902099397732,197.98923093368649
186.67,278.5604397391435,306.4164837129938
1.68,92.56012428872054,101.81613671753439
13.344,129.48640458128648,142.43504503939766
134.272,371.8819892365718,409.0701881601708
107.12,292.12574837109423,321.3383232081542
